{
  "images" : [
    {
      "idiom" : "ipad",
      "scale" : "2x",
      "size" : "72x72"
    },
    {
      "size" : "57x57",
      "idiom" : "iphone",
      "filename" : "wp_loyalty_57.png",
      "scale" : "1x"
    },
    {
      "size" : "57x57",
      "idiom" : "iphone",
      "filename" : "wp_loyalty_114.png",
      "scale" : "2x"
    },
    {
      "size" : "60x60",
      "idiom" : "iphone",
      "filename" : "wp_loyalty_120.png",
      "scale" : "2x"
    },
    {
      "size" : "72x72",
      "idiom" : "ipad",
      "filename" : "wp_loyalty_72.png",
      "scale" : "1x"
    },
    {
      "size" : "76x76",
      "idiom" : "ipad",
      "filename" : "wp_loyalty_76.png",
      "scale" : "1x"
    },
    {
      "size" : "76x76",
      "idiom" : "ipad",
      "filename" : "wp_loyalty_152.png",
      "scale" : "2x"
    },
    {
      "idiom" : "iphone",
      "scale" : "1x",
      "size" : "29x29"
    },
    {
      "idiom" : "iphone",
      "scale" : "2x",
      "size" : "29x29"
    },
    {
      "idiom" : "iphone",
      "scale" : "2x",
      "size" : "40x40"
    },
    {
      "idiom" : "ipad",
      "scale" : "1x",
      "size" : "50x50"
    },
    {
      "idiom" : "ipad",
      "scale" : "2x",
      "size" : "50x50"
    },
    {
      "idiom" : "ipad",
      "scale" : "1x",
      "size" : "40x40"
    },
    {
      "idiom" : "ipad",
      "scale" : "2x",
      "size" : "40x40"
    },
    {
      "idiom" : "ipad",
      "scale" : "1x",
      "size" : "29x29"
    },
    {
      "idiom" : "ipad",
      "scale" : "2x",
      "size" : "29x29"
    }
  ],
  "info" : {
    "version" : 1,
    "author" : "xcode"
  }
}